{"cameraMode":{"drawMode":0,"name":"Shaded","section":"Shading Mode"},"sceneLighting":true,"audioPlay":false,"sceneViewState":{"m_AlwaysRefresh":false,"showFog":true,"showSkybox":true,"showFlares":true,"showImageEffects":true,"showParticleSystems":true,"showVisualEffectGraphs":true,"m_FxEnabled":true},"in2DMode":false,"pivot":{"x":1.8304519653320313,"y":-4.82469367980957,"z":-10.397687911987305},"rotation":{"x":-0.21092994511127473,"y":0.40644997358322146,"z":-0.09701713174581528,"w":-0.8836837410926819},"size":3.9073946475982668,"orthographic":false}