{"cameraMode":{"drawMode":0,"name":"Shaded","section":"Shading Mode"},"sceneLighting":true,"audioPlay":false,"sceneViewState":{"m_AlwaysRefresh":false,"showFog":true,"showSkybox":true,"showFlares":true,"showImageEffects":true,"showParticleSystems":true,"showVisualEffectGraphs":true,"m_FxEnabled":true},"in2DMode":false,"pivot":{"x":15.078472137451172,"y":-18.225765228271486,"z":28.616180419921876},"rotation":{"x":0.21827132999897004,"y":0.15968672931194306,"z":-0.03725577890872955,"w":0.9620594382286072},"size":29.207345962524415,"orthographic":false}